{
  "errors": [],
  "warnings": [],
  "cameraParameters": {
    "principalPoint": {
      "x": 0,
      "y": 0
    },
    "viewTransform": {
      "rows": [
        [
          0.7076192380453573,
          -0.7065597305301365,
          -0.0069542175180858645,
          0
        ],
        [
          -0.012746881383307717,
          -0.022605044122282845,
          0.9996632077831162,
          0
        ],
        [
          -0.7064789671059627,
          -0.7072922728076495,
          -0.025002197173080984,
          -10
        ],
        [
          0,
          0,
          0,
          1
        ]
      ]
    },
    "cameraTransform": {
      "rows": [
        [
          0.7076192380453572,
          -0.012746881383307715,
          -0.7064789671059627,
          -7.064789671059627
        ],
        [
          -0.7065597305301365,
          -0.022605044122282845,
          -0.7072922728076495,
          -7.072922728076495
        ],
        [
          -0.006954217518085863,
          0.999663207783116,
          -0.025002197173080977,
          -0.2500219717308098
        ],
        [
          0,
          0,
          0,
          1
        ]
      ]
    },
    "horizontalFieldOfView": 0.8781918130342438,
    "verticalFieldOfView": 0.6773688871046191,
    "vanishingPoints": [
      {
        "x": 2.132561381693446,
        "y": -0.03841544366453015
      },
      {
        "x": -2.126919798502382,
        "y": -0.06804678190990193
      },
      {
        "x": -0.5922038690927911,
        "y": 85.1288326686997
      }
    ],
    "vanishingPointAxes": [
      "xPositive",
      "yPositive",
      "zPositive"
    ],
    "relativeFocalLength": 2.129124932202987,
    "imageWidth": 1800,
    "imageHeight": 1350
  }
}