{
  "errors": [],
  "warnings": [],
  "cameraParameters": {
    "principalPoint": {
      "x": 0,
      "y": 0
    },
    "viewTransform": {
      "rows": [
        [
          0.675894738633785,
          -0.7368220392890859,
          0.01611163260009057,
          0
        ],
        [
          -0.023672890033116515,
          0.00014485919997573874,
          0.9997197473758794,
          0
        ],
        [
          -0.736617876897274,
          -0.6760867262664495,
          -0.017344797538960885,
          -10
        ],
        [
          0,
          0,
          0,
          1
        ]
      ]
    },
    "cameraTransform": {
      "rows": [
        [
          0.675894738633785,
          -0.023672890033116515,
          -0.7366178768972739,
          -7.366178768972739
        ],
        [
          -0.7368220392890859,
          0.00014485919997573975,
          -0.6760867262664496,
          -6.760867262664497
        ],
        [
          0.01611163260009057,
          0.9997197473758794,
          -0.017344797538960885,
          -0.17344797538960885
        ],
        [
          0,
          0,
          0,
          1
        ]
      ]
    },
    "horizontalFieldOfView": 1.3833285364826124,
    "verticalFieldOfView": 1.0093188284989032,
    "vanishingPoints": [
      {
        "x": 1.1079857009199072,
        "y": -0.03880666937748434
      },
      {
        "x": -1.3160050099513296,
        "y": 0.0002587265618297006
      },
      {
        "x": 1.1216765989999968,
        "y": 69.59954177352637
      }
    ],
    "vanishingPointAxes": [
      "xPositive",
      "yPositive",
      "zPositive"
    ],
    "relativeFocalLength": 1.2075283738617397,
    "imageWidth": 1000,
    "imageHeight": 667
  }
}