{
  "errors": [],
  "warnings": [
    "Image/sensor proportions mismatch"
  ],
  "cameraParameters": {
    "principalPoint": {
      "x": 0,
      "y": 0
    },
    "viewTransform": {
      "rows": [
        [
          -0.33707720919198825,
          0.9411022688081425,
          -0.026560773473436387,
          0
        ],
        [
          0.078553805040644,
          0,
          -0.996909875421864,
          0
        ],
        [
          -0.938194145556759,
          -0.3381220484442956,
          -0.07392716414726257,
          -10
        ],
        [
          0,
          0,
          0,
          1
        ]
      ]
    },
    "cameraTransform": {
      "rows": [
        [
          -0.33707720919198825,
          0.078553805040644,
          -0.9381941455567592,
          -9.381941455567592
        ],
        [
          0.9411022688081427,
          0,
          -0.33812204844429566,
          -3.3812204844429568
        ],
        [
          -0.026560773473436394,
          -0.9969098754218642,
          -0.0739271641472626,
          -0.7392716414726259
        ],
        [
          0,
          0,
          0,
          1
        ]
      ]
    },
    "horizontalFieldOfView": 1.2870022175865687,
    "verticalFieldOfView": 0.7984415391505051,
    "vanishingPoints": [
      {
        "x": -0.4790440028336981,
        "y": 0.11163830771796496
      },
      {
        "x": -0.4790440028336981,
        "y": -17.98003727806149
      },
      {
        "x": 3.7110949458956903,
        "y": 0
      }
    ],
    "vanishingPointAxes": [
      "xPositive",
      "zPositive",
      "yNegative"
    ],
    "relativeFocalLength": 1.3333333333333333,
    "imageWidth": 1920,
    "imageHeight": 1080
  }
}