{
  "errors": [],
  "warnings": [
    "Image/sensor proportions mismatch"
  ],
  "cameraParameters": {
    "principalPoint": {
      "x": 0,
      "y": 0
    },
    "viewTransform": {
      "rows": [
        [
          0.11547495876764487,
          -0.9933103915179841,
          0,
          0
        ],
        [
          -0.00039724239516567765,
          -0.00004618047852335047,
          0.9999999200329183,
          0
        ],
        [
          -0.9933103120858507,
          -0.11547494953344939,
          -0.000399917687922915,
          -10
        ],
        [
          0,
          0,
          0,
          1
        ]
      ]
    },
    "cameraTransform": {
      "rows": [
        [
          0.11547495876764485,
          -0.00039724239516567765,
          -0.9933103120858507,
          -9.933103120858508
        ],
        [
          -0.9933103915179841,
          -0.000046180478523350476,
          -0.1154749495334494,
          -1.1547494953344941
        ],
        [
          0,
          0.9999999200329183,
          -0.000399917687922915,
          -0.0039991768792291505
        ],
        [
          0,
          0,
          0,
          1
        ]
      ]
    },
    "horizontalFieldOfView": 1.2870022175865687,
    "verticalFieldOfView": 0.7984415391505051,
    "vanishingPoints": [
      {
        "x": 0.15500353697816638,
        "y": -0.0005332236265375573
      },
      {
        "x": -11.469274164728445,
        "y": -0.0005332236265375573
      },
      {
        "x": 0,
        "y": 3334.0191418779173
      }
    ],
    "vanishingPointAxes": [
      "xPositive",
      "yPositive",
      "zPositive"
    ],
    "relativeFocalLength": 1.3333333333333333,
    "imageWidth": 1024,
    "imageHeight": 576
  }
}