{
  "errors": [],
  "warnings": [],
  "cameraParameters": {
    "principalPoint": {
      "x": 0,
      "y": 0
    },
    "viewTransform": {
      "rows": [
        [
          0.03005013405268194,
          -0.9995219658276376,
          0.007268374747522441,
          0.3908441875597344
        ],
        [
          0.01822741097432512,
          0.007818418655003179,
          0.9998032975635298,
          0.2710670838067002
        ],
        [
          -0.9993821846183716,
          -0.029911739464460824,
          0.018453642177668532,
          -10
        ],
        [
          0,
          0,
          0,
          1
        ]
      ]
    },
    "cameraTransform": {
      "rows": [
        [
          0.03005013405268375,
          0.018227410974325106,
          -0.9993821846183717,
          -10.010507617551754
        ],
        [
          -0.999521965827638,
          0.00781841865500315,
          -0.029911739464459033,
          0.0894206400926298
        ],
        [
          0.007268374747522443,
          0.99980329756353,
          0.018453642177668535,
          -0.08931814449725833
        ],
        [
          0,
          0,
          0,
          1
        ]
      ]
    },
    "horizontalFieldOfView": 0.37665813463669096,
    "verticalFieldOfView": 0.19414464430577325,
    "vanishingPoints": [
      {
        "x": 0.15776840640463652,
        "y": 0.09569706335619503
      },
      {
        "x": -175.32986633976958,
        "y": 1.371457901512948
      },
      {
        "x": -2.0666191241956255,
        "y": -284.274364896079
      }
    ],
    "vanishingPointAxes": [
      "xPositive",
      "yPositive",
      "zPositive"
    ],
    "relativeFocalLength": 5.246929493891984,
    "imageWidth": 1920,
    "imageHeight": 981
  }
}