{
  "walls": {
    "LEFT": null,
    "RIGHT": null,
    "CEIL": null,
    "FLOOR": {
      "area_fraction": 0.2589453125,
      "line_a": null,
      "line_b": null,
      "vanishing_point": null,
      "bounds": {
        "x_left": -0.7499998002865014,
        "x_right": 0.7484375104379463,
        "y_top": -0.46562501802887857,
        "y_bottom": -0.9984374925562847,
        "confidence": 0.8289644640624536
      },
      "confidence": 0.0,
      "plane": {
        "origin": [
          -6.162362107746006,
          -0.010375120980148372,
          -7.875606999456039
        ],
        "axes": [
          [
            1.0,
            0,
            0
          ],
          [
            0,
            0,
            1.0
          ]
        ]
      },
      "_type": "FLOOR"
    },
    "FRONT": {
      "area_fraction": 0.7282828776041667,
      "line_a": {
        "slope": 0,
        "intercept": 1.000749511699686
      },
      "line_b": null,
      "vanishing_point": null,
      "bounds": {
        "x_left": -0.7499998971849007,
        "x_right": 0.7484374985288109,
        "y_top": 1.0,
        "y_bottom": -0.4796874877991346,
        "confidence": 0.8175876348770125
      },
      "confidence": 0.8175876348770125,
      "plane": {
        "origin": [
          -6.162362107746006,
          -0.010375120980148372,
          -7.875606999456039
        ],
        "axes": [
          [
            1.0,
            0,
            0
          ],
          [
            0,
            1.0,
            0
          ]
        ]
      },
      "_type": "FRONT"
    }
  },
  "principal_point": [
    0,
    0
  ],
  "image_data": {
    "width": 960,
    "height": 1280
  },
  "image_aspect": 0.75,
  "vanishing_point_mode": "2wh",
  "vanishing_point_walls": null,
  "vanishing_points": [
    null,
    null
  ],
  "relative_focal_length": 1.3333333333333333,
  "horizontal_fov": 1.2870022175865687,
  "vertical_fov": 1.5707963267948966,
  "room_type": [
    "FLOOR",
    "FRONT"
  ],
  "camera_matrix": [
    [
      2.4830909330333897e-16,
      -0.21446582309768,
      0.9767314936680576,
      9.767314936680576
    ],
    [
      1.0,
      2.897007686090813e-16,
      -1.9061347025105195e-16,
      -1.9061347025105195e-15
    ],
    [
      -2.420797896494353e-16,
      0.9767314936680576,
      0.21446582309768,
      2.1446582309768
    ],
    [
      0.0,
      0.0,
      0.0,
      1.0
    ]
  ],
  "view_transform": [
    [
      2.4830909330333897e-16,
      1.0,
      -2.420797896494352e-16,
      -3.6601488057430144e-31
    ],
    [
      -0.21446582309767998,
      2.897007686090813e-16,
      0.9767314936680573,
      2.750351583879853e-16
    ],
    [
      0.9767314936680574,
      -1.9061347025105192e-16,
      0.21446582309767998,
      -10.0
    ],
    [
      0.0,
      0.0,
      0.0,
      1.0
    ]
  ],
  "translation_vector": [
    9.767314936680576,
    -1.9061347025105195e-15,
    2.1446582309768
  ],
  "projection_matrix": [
    [
      1.3333333333333335,
      0.0,
      0.0,
      0.0
    ],
    [
      0.0,
      1.3333333333333335,
      0.0,
      0.0
    ],
    [
      0.0,
      0.0,
      -1.002002002002002,
      -0.02002002002002002
    ],
    [
      0.0,
      0.0,
      -1.0,
      0.0
    ]
  ]
}