{
  "walls": {
    "LEFT": {
      "area_fraction": 0.48110226847600585,
      "line_a": {
        "slope": 0.6481559171804537,
        "intercept": -0.6582752873286669
      },
      "line_b": {
        "slope": -0.6481559171804537,
        "intercept": 1.0226447456661851
      },
      "vanishing_point": [
        1.2966941969048364,
        0.1821847291687591
      ],
      "bounds": {
        "x_left": -0.75,
        "x_right": 0.025757575571871805,
        "y_top": 1.0,
        "y_bottom": -0.9080808220448342,
        "confidence": 0.47018263370717817
      },
      "confidence": 0.9994929445248103,
      "plane": {
        "origin": [
          3.78306718248155,
          3.2805076491085634,
          -8.656019423324517
        ],
        "axes": [
          [
            -1.0,
            0,
            0
          ],
          [
            0,
            0,
            1.0
          ]
        ]
      },
      "_type": "LEFT"
    },
    "RIGHT": {
      "area_fraction": 0.4378665442301806,
      "line_a": {
        "slope": -0.5970774295180651,
        "intercept": -0.6147703347646222
      },
      "line_b": {
        "slope": 0.5970774295180651,
        "intercept": 0.9791397931021404
      },
      "vanishing_point": [
        -1.3347599901350296,
        0.18218472916875914
      ],
      "bounds": {
        "x_left": 0.025757575757575757,
        "x_right": 0.7489898990154282,
        "y_top": 0.9999997455518621,
        "y_bottom": -0.8494949363668522,
        "confidence": 0.4513690605890699
      },
      "confidence": 0.9932329434557721,
      "plane": {
        "origin": [
          3.78306718248155,
          3.2805076491085634,
          -8.656019423324517
        ],
        "axes": [
          [
            0,
            -1.0,
            0
          ],
          [
            0,
            0,
            1.0
          ]
        ]
      },
      "_type": "RIGHT"
    },
    "CEIL": null,
    "FLOOR": {
      "area_fraction": 0.07616569737781859,
      "line_a": {
        "slope": 0.6372586657560892,
        "intercept": -0.6492373434851018
      },
      "line_b": {
        "slope": -0.5699066719175917,
        "intercept": -0.5956564006592672
      },
      "vanishing_point": [
        0.04438575326316942,
        -0.6209521375820355
      ],
      "bounds": {
        "x_left": -0.3267676627806612,
        "x_right": 0.4745666134979522,
        "y_top": -0.7141414112709308,
        "y_bottom": -0.9989898989747721,
        "confidence": 0.20826948274802165
      },
      "confidence": 0.9839934066863081,
      "plane": {
        "origin": [
          3.78306718248155,
          3.2805076491085634,
          -8.656019423324517
        ],
        "axes": [
          [
            -1.0,
            0,
            0
          ],
          [
            0,
            -1.0,
            0
          ]
        ]
      },
      "_type": "FLOOR"
    },
    "FRONT": null
  },
  "principal_point": [
    0,
    0
  ],
  "image_data": {
    "width": 1485,
    "height": 1980
  },
  "image_aspect": 0.75,
  "vanishing_point_mode": "0vp",
  "vanishing_point_walls": [
    "LEFT",
    "RIGHT"
  ],
  "vanishing_points": [
    [
      1.2966941969048364,
      0.1821847291687591
    ],
    [
      -1.3347599901350296,
      0.18218472916875914
    ]
  ],
  "relative_focal_length": 1.302913756902795,
  "horizontal_fov": 1.3092279375585518,
  "vertical_fov": 1.5938732428782423,
  "room_type": [
    "LEFT",
    "FLOOR",
    "RIGHT"
  ],
  "camera_matrix": [
    [
      0.7019737576184196,
      0.09862687688473842,
      -0.7053407564936532,
      -7.053407564936532
    ],
    [
      -0.7122028107323617,
      0.09721034279232323,
      -0.695210260021472,
      -6.952102600214721
    ],
    [
      -9.352916052011901e-17,
      0.9903650278610214,
      0.1384814485403671,
      1.384814485403671
    ],
    [
      0.0,
      0.0,
      0.0,
      1.0
    ]
  ],
  "view_transform": [
    [
      0.7019737576184195,
      -0.7122028107323619,
      -8.725217274284132e-17,
      -1.2998982200582412e-15
    ],
    [
      0.09862687688473838,
      0.0972103427923232,
      0.9903650278610212,
      -3.399664252647005e-16
    ],
    [
      -0.705340756493653,
      -0.695210260021472,
      0.13848144854036704,
      -10.0
    ],
    [
      0.0,
      0.0,
      0.0,
      1.0
    ]
  ],
  "translation_vector": [
    -7.053407564936532,
    -6.952102600214721,
    1.384814485403671
  ],
  "projection_matrix": [
    [
      1.302913756902795,
      0.0,
      0.0,
      0.0
    ],
    [
      0.0,
      1.302913756902795,
      0.0,
      0.0
    ],
    [
      0.0,
      0.0,
      -1.002002002002002,
      -0.02002002002002002
    ],
    [
      0.0,
      0.0,
      -1.0,
      0.0
    ]
  ]
}