{
  "walls": {
    "LEFT": {
      "area_fraction": 0.36021157407407406,
      "line_a": {
        "slope": 0.18726201319578517,
        "intercept": -0.24254383520052342
      },
      "line_b": {
        "slope": -0.18726201319578517,
        "intercept": 0.6623307777615131
      },
      "vanishing_point": [
        2.416065590451537,
        0.20989347128049485
      ],
      "bounds": {
        "x_left": -0.9999998311321583,
        "x_right": -0.03000000014015669,
        "y_top": 0.6666666666666666,
        "y_bottom": -0.33836607023533655,
        "confidence": 0.5007718232021589
      },
      "confidence": 0.9997614208381739,
      "plane": {
        "origin": [
          7.0868991772377665,
          6.577523067172133,
          -2.5518719310508553
        ],
        "axes": [
          [
            -1.0,
            0,
            0
          ],
          [
            0,
            0,
            1.0
          ]
        ]
      },
      "_type": "LEFT"
    },
    "RIGHT": {
      "area_fraction": 0.38055648148148147,
      "line_a": {
        "slope": -0.14932333022148842,
        "intercept": -0.25033717583194354
      },
      "line_b": {
        "slope": 0.14932333022148842,
        "intercept": 0.6701241183929332
      },
      "vanishing_point": [
        -3.0821081101646146,
        0.20989347128049485
      ],
      "bounds": {
        "x_left": -0.03222222362780591,
        "x_right": 0.998888888912941,
        "y_top": 0.666666530505701,
        "y_bottom": -0.32333333032970996,
        "confidence": 0.5364673805075216
      },
      "confidence": 0.9964874363191634,
      "plane": {
        "origin": [
          7.0868991772377665,
          6.577523067172133,
          -2.5518719310508553
        ],
        "axes": [
          [
            0,
            -1.0,
            0
          ],
          [
            0,
            0,
            1.0
          ]
        ]
      },
      "_type": "RIGHT"
    },
    "CEIL": null,
    "FLOOR": {
      "area_fraction": 0.2543912037037037,
      "line_a": {
        "slope": 0.18363827681685232,
        "intercept": -0.23293216103276634
      },
      "line_b": {
        "slope": -0.14975249449850528,
        "intercept": -0.24851343676346288
      },
      "vanishing_point": [
        -0.04673577396645468,
        -0.24151463802966797
      ],
      "bounds": {
        "x_left": -1.0,
        "x_right": 0.9988888892638366,
        "y_top": -0.31555557098151965,
        "y_bottom": -0.6655555557336533,
        "confidence": 0.2903916408255016
      },
      "confidence": 0.9900255908627529,
      "plane": {
        "origin": [
          7.0868991772377665,
          6.577523067172133,
          -2.5518719310508553
        ],
        "axes": [
          [
            -1.0,
            0,
            0
          ],
          [
            0,
            -1.0,
            0
          ]
        ]
      },
      "_type": "FLOOR"
    },
    "FRONT": null
  },
  "principal_point": [
    0,
    0
  ],
  "image_data": {
    "width": 1800,
    "height": 1200
  },
  "image_aspect": 1.5,
  "vanishing_point_mode": "0vp",
  "vanishing_point_walls": [
    "LEFT",
    "RIGHT"
  ],
  "vanishing_points": [
    [
      2.416065590451537,
      0.20989347128049485
    ],
    [
      -3.0821081101646146,
      0.20989347128049485
    ]
  ],
  "relative_focal_length": 2.720757262552866,
  "horizontal_fov": 0.704437158608734,
  "vertical_fov": 0.4805908110212969,
  "room_type": [
    "LEFT",
    "RIGHT",
    "FLOOR"
  ],
  "camera_matrix": [
    [
      0.6628955933460041,
      0.05758844368042716,
      -0.7464938067237499,
      -7.464938067237499
    ],
    [
      -0.7487118486590479,
      0.050987740626492965,
      -0.6609317801281434,
      -6.609317801281433
    ],
    [
      -1.290407749713554e-16,
      0.9970375225939452,
      0.07691669870534129,
      0.7691669870534129
    ],
    [
      0.0,
      0.0,
      0.0,
      1.0
    ]
  ],
  "view_transform": [
    [
      0.6628955933460042,
      -0.7487118486590479,
      -1.1887717552275052e-16,
      5.956198873774476e-16
    ],
    [
      0.057588443680427155,
      0.050987740626492944,
      0.9970375225939452,
      -2.484146397673112e-19
    ],
    [
      -0.74649380672375,
      -0.6609317801281434,
      0.0769166987053413,
      -10.0
    ],
    [
      0.0,
      0.0,
      0.0,
      1.0
    ]
  ],
  "translation_vector": [
    -7.464938067237499,
    -6.609317801281433,
    0.7691669870534129
  ],
  "projection_matrix": [
    [
      2.7207572625528655,
      0.0,
      0.0,
      0.0
    ],
    [
      0.0,
      2.7207572625528655,
      0.0,
      0.0
    ],
    [
      0.0,
      0.0,
      -1.002002002002002,
      -0.02002002002002002
    ],
    [
      0.0,
      0.0,
      -1.0,
      0.0
    ]
  ]
}