{
  "walls": {
    "LEFT": {
      "area_fraction": 0.1705078125,
      "line_a": {
        "slope": 0.4480205688824303,
        "intercept": 0.03271099949784945
      },
      "line_b": {
        "slope": -1.104167927971562,
        "intercept": -0.2643415988445005
      },
      "vanishing_point": [
        -0.19137662657880938,
        -0.05302966561278917
      ],
      "bounds": {
        "x_left": -0.9999995564978297,
        "x_right": -0.47750000390015124,
        "y_top": 0.5999990381795406,
        "y_bottom": -0.3025000192528052,
        "confidence": 0.5407216953242769
      },
      "confidence": 0.9962696772436779,
      "plane": {
        "origin": [
          7.622476889688077,
          6.163586930070294,
          -1.9768768858069334
        ],
        "axes": [
          [
            -1.0,
            0,
            0
          ],
          [
            0,
            0,
            1.0
          ]
        ]
      },
      "_type": "LEFT"
    },
    "RIGHT": {
      "area_fraction": 0.17017447916666667,
      "line_a": {
        "slope": -0.40988646477070056,
        "intercept": -0.0014277029920738982
      },
      "line_b": {
        "slope": 1.0343634701392046,
        "intercept": -0.23348988470954685
      },
      "vanishing_point": [
        0.160680070746861,
        -0.06728828914961082
      ],
      "bounds": {
        "x_left": 0.4724999989667713,
        "x_right": 0.9974999999920029,
        "y_top": 0.5999987983750823,
        "y_bottom": -0.30731425377264204,
        "confidence": 0.5161784993600095
      },
      "confidence": 0.9929840286012535,
      "plane": {
        "origin": [
          7.5465237072199685,
          -6.229453548150083,
          -2.0600700055598624
        ],
        "axes": [
          [
            -1.0,
            0,
            0
          ],
          [
            0,
            0,
            1.0
          ]
        ]
      },
      "_type": "RIGHT"
    },
    "CEIL": {
      "area_fraction": 0.181578125,
      "line_a": {
        "slope": -1.0993056741793188,
        "intercept": -0.2937315749195403
      },
      "line_b": {
        "slope": 0.9760173448261542,
        "intercept": -0.23353134029119427
      },
      "vanishing_point": [
        -0.029007645593983195,
        -0.2618433055234919
      ],
      "bounds": {
        "x_left": -0.6674999950426144,
        "x_right": 0.7075000878561348,
        "y_top": 0.6,
        "y_bottom": 0.26999999568923766,
        "confidence": 0.7518145284551074
      },
      "confidence": 0.9581371971353052,
      "plane": {
        "origin": [
          7.022929698176174,
          6.048963130811635,
          3.7534655315530125
        ],
        "axes": [
          [
            -1.0,
            0,
            0
          ],
          [
            0,
            -1.0,
            0
          ]
        ]
      },
      "_type": "CEIL"
    },
    "FLOOR": {
      "area_fraction": 0.2972578125,
      "line_a": {
        "slope": 0.4120807790006928,
        "intercept": 0.01991609505359415
      },
      "line_b": {
        "slope": -0.3800872877346702,
        "intercept": -0.017831878119881572
      },
      "vanishing_point": [
        -0.04765147038688454,
        0.0002798400160383275
      ],
      "bounds": {
        "x_left": -0.9999998177039705,
        "x_right": 0.9974999277222991,
        "y_top": -0.1800091621793427,
        "y_bottom": -0.5974999134688679,
        "confidence": 0.5074549455828469
      },
      "confidence": 0.9919475846516382,
      "plane": {
        "origin": [
          7.622476889688077,
          6.163586930070294,
          -1.9768768858069334
        ],
        "axes": [
          [
            -1.0,
            0,
            0
          ],
          [
            0,
            -1.0,
            0
          ]
        ]
      },
      "_type": "FLOOR"
    },
    "FRONT": {
      "area_fraction": 0.17113541666666668,
      "line_a": {
        "slope": 0,
        "intercept": 0.6004312502648964
      },
      "line_b": {
        "slope": 0,
        "intercept": 0.5993187501116304
      },
      "vanishing_point": [
        -1,
        -1
      ],
      "bounds": {
        "x_left": -0.4774999718654497,
        "x_right": 0.4625528505138399,
        "y_top": 0.2724999553478368,
        "y_bottom": -0.1725001059585838,
        "confidence": 0.9408972380564584
      },
      "confidence": 0.9408972380564584,
      "plane": {
        "origin": [
          7.622476889688077,
          6.163586930070294,
          -1.9768768858069334
        ],
        "axes": [
          [
            0,
            -1.0,
            0
          ],
          [
            0,
            0,
            1.0
          ]
        ]
      },
      "_type": "FRONT"
    }
  },
  "principal_point": [
    0,
    0
  ],
  "image_data": {
    "width": 800,
    "height": 480
  },
  "image_aspect": 1.6666666666666667,
  "vanishing_point_mode": "1vp",
  "vanishing_point_walls": [
    "LEFT",
    "RIGHT"
  ],
  "vanishing_points": [
    [
      -0.015348277915974193,
      -0.0601589773812
    ],
    [
      116.06493510801532,
      -0.0601589773812
    ]
  ],
  "relative_focal_length": 1.3333333333333333,
  "horizontal_fov": 1.2870022175865687,
  "vertical_fov": 0.8457078522658813,
  "room_type": [
    "FRONT",
    "LEFT",
    "CEIL",
    "FLOOR",
    "RIGHT"
  ],
  "camera_matrix": [
    [
      -0.011498749087847015,
      -0.04507039747878993,
      -0.9989176332613807,
      -9.989176332613807
    ],
    [
      -0.9999338871992561,
      0.0005182874573335331,
      0.011487062666183786,
      0.11487062666183787
    ],
    [
      1.1636695885936877e-19,
      0.9989836788702882,
      -0.045073377406009224,
      -0.45073377406009224
    ],
    [
      0.0,
      0.0,
      0.0,
      1.0
    ]
  ],
  "view_transform": [
    [
      -0.01149874908784702,
      -0.9999338871992564,
      1.3999577079493444e-19,
      -2.2644794300837673e-18
    ],
    [
      -0.04507039747878994,
      0.0005182874573335331,
      0.9989836788702887,
      -2.3252604125721897e-17
    ],
    [
      -0.998917633261381,
      0.011487062666183786,
      -0.045073377406009245,
      -10.000000000000002
    ],
    [
      0.0,
      0.0,
      0.0,
      1.0
    ]
  ],
  "translation_vector": [
    -9.989176332613807,
    0.11487062666183787,
    -0.45073377406009224
  ],
  "projection_matrix": [
    [
      1.3333333333333335,
      0.0,
      0.0,
      0.0
    ],
    [
      0.0,
      1.3333333333333335,
      0.0,
      0.0
    ],
    [
      0.0,
      0.0,
      -1.002002002002002,
      -0.02002002002002002
    ],
    [
      0.0,
      0.0,
      -1.0,
      0.0
    ]
  ]
}