{
  "walls": {
    "LEFT": {
      "area_fraction": 0.10831705729166667,
      "line_a": {
        "slope": 0.799786389368953,
        "intercept": 0.3565206801469268
      },
      "line_b": {
        "slope": -0.615036666617307,
        "intercept": 0.10921318987811507
      },
      "vanishing_point": [
        -0.17479746970649696,
        0.21672004297953865
      ],
      "bounds": {
        "x_left": -1.0,
        "x_right": -0.6343749999766447,
        "y_top": 0.6156249938055502,
        "y_bottom": -0.29687497234568494,
        "confidence": 0.763511687275216
      },
      "confidence": 0.9980715835507485,
      "plane": {
        "origin": [
          5.131910480388353,
          8.009306787537172,
          -3.084558251093851
        ],
        "axes": [
          [
            -1.0,
            0,
            0
          ],
          [
            0,
            0,
            1.0
          ]
        ]
      },
      "_type": "LEFT"
    },
    "RIGHT": {
      "area_fraction": 0.04791341145833333,
      "line_a": {
        "slope": -1.004993873843423,
        "intercept": 0.6707301216781436
      },
      "line_b": {
        "slope": 0.34215797860232194,
        "intercept": 0.2131094923742316
      },
      "vanishing_point": [
        0.33969491150764103,
        0.3293388166371807
      ],
      "bounds": {
        "x_left": 0.796875000293032,
        "x_right": 0.9968750005413589,
        "y_top": 0.5212490314034307,
        "y_bottom": -0.23125025631404333,
        "confidence": 0.8812316831489242
      },
      "confidence": 0.9945579393217189,
      "plane": {
        "origin": [
          4.679129942314146,
          -8.477321559876444,
          -2.4981517474711734
        ],
        "axes": [
          [
            -1.0,
            0,
            0
          ],
          [
            0,
            0,
            1.0
          ]
        ]
      },
      "_type": "RIGHT"
    },
    "CEIL": {
      "area_fraction": 0.15403971354166668,
      "line_a": {
        "slope": -0.6019880088184415,
        "intercept": 0.1138867136574046
      },
      "line_b": {
        "slope": 0.3396776406035666,
        "intercept": 0.2176220636145404
      },
      "vanishing_point": [
        -0.11016155258589742,
        0.18020264734693706
      ],
      "bounds": {
        "x_left": -0.8531248536028617,
        "x_right": 0.996851101729233,
        "y_top": 0.75,
        "y_bottom": 0.4937500000977639,
        "confidence": 0.8668589522066916
      },
      "confidence": 0.998740491333084,
      "plane": {
        "origin": [
          5.204461362553802,
          7.308892920106089,
          4.415163214209381
        ],
        "axes": [
          [
            -1.0,
            0,
            0
          ],
          [
            0,
            -1.0,
            0
          ]
        ]
      },
      "_type": "CEIL"
    },
    "FLOOR": {
      "area_fraction": 0.37193359375,
      "line_a": {
        "slope": 0.7361751872573589,
        "intercept": 0.315406345162097
      },
      "line_b": {
        "slope": -0.8986192361194717,
        "intercept": 0.5842388763941451
      },
      "vanishing_point": [
        0.16444424288941953,
        0.43646611646461
      ],
      "bounds": {
        "x_left": -0.999999805784645,
        "x_right": 0.9968750053146551,
        "y_top": -0.14062523220950246,
        "y_bottom": -0.7468769462977921,
        "confidence": 0.7037588087342188
      },
      "confidence": 0.9919993708888306,
      "plane": {
        "origin": [
          5.131910480388353,
          8.009306787537172,
          -3.084558251093851
        ],
        "axes": [
          [
            -1.0,
            0,
            0
          ],
          [
            0,
            -1.0,
            0
          ]
        ]
      },
      "_type": "FLOOR"
    },
    "FRONT": {
      "area_fraction": 0.3077311197916667,
      "line_a": {
        "slope": 0,
        "intercept": 0.7505059535530417
      },
      "line_b": {
        "slope": 0,
        "intercept": 0.7484570312853597
      },
      "vanishing_point": [
        -1,
        -1
      ],
      "bounds": {
        "x_left": -0.6374722639296234,
        "x_right": 0.8031250102051828,
        "y_top": 0.4937499886849153,
        "y_bottom": -0.16190513697336,
        "confidence": 0.928643456052696
      },
      "confidence": 0.928643456052696,
      "plane": {
        "origin": [
          5.131910480388353,
          8.009306787537172,
          -3.084558251093851
        ],
        "axes": [
          [
            0,
            -1.0,
            0
          ],
          [
            0,
            0,
            1.0
          ]
        ]
      },
      "_type": "FRONT"
    }
  },
  "principal_point": [
    0,
    0
  ],
  "image_data": {
    "width": 640,
    "height": 480
  },
  "image_aspect": 1.3333333333333333,
  "vanishing_point_mode": "1vp",
  "vanishing_point_walls": [
    "LEFT",
    "RIGHT"
  ],
  "vanishing_points": [
    [
      0.08244872090057204,
      0.27302942980835965
    ],
    [
      -22.466362450340988,
      0.27302942980835965
    ]
  ],
  "relative_focal_length": 1.3333333333333333,
  "horizontal_fov": 1.2870022175865687,
  "vertical_fov": 1.0247789206214755,
  "room_type": [
    "LEFT",
    "FLOOR",
    "RIGHT",
    "CEIL",
    "FRONT"
  ],
  "camera_matrix": [
    [
      0.060468630998261275,
      0.20024223132166108,
      -0.977878618981169,
      -9.77878618981169
    ],
    [
      -0.9981700980620468,
      0.012130571352083543,
      -0.05923938363517884,
      -0.5923938363517884
    ],
    [
      -1.1997513480067022e-16,
      0.9796713214308125,
      0.20060932671739273,
      2.0060932671739273
    ],
    [
      0.0,
      0.0,
      0.0,
      1.0
    ]
  ],
  "view_transform": [
    [
      0.06046863099826127,
      -0.9981700980620467,
      -1.1682067325016762e-16,
      -1.2065094823840514e-16
    ],
    [
      0.20024223132166108,
      0.012130571352083539,
      0.9796713214308126,
      -2.3431576757305454e-16
    ],
    [
      -0.9778786189811691,
      -0.05923938363517884,
      0.20060932671739273,
      -10.0
    ],
    [
      0.0,
      0.0,
      0.0,
      1.0
    ]
  ],
  "translation_vector": [
    -9.77878618981169,
    -0.5923938363517884,
    2.0060932671739273
  ],
  "projection_matrix": [
    [
      1.3333333333333335,
      0.0,
      0.0,
      0.0
    ],
    [
      0.0,
      1.3333333333333335,
      0.0,
      0.0
    ],
    [
      0.0,
      0.0,
      -1.002002002002002,
      -0.02002002002002002
    ],
    [
      0.0,
      0.0,
      -1.0,
      0.0
    ]
  ]
}