{
  "walls": {
    "LEFT": {
      "area_fraction": 0.4334808142006803,
      "line_a": {
        "slope": 0.6015498046817949,
        "intercept": -0.4527580726279799
      },
      "line_b": {
        "slope": -0.6015498046817949,
        "intercept": 1.0363259027036247
      },
      "vanishing_point": [
        1.23770630772567,
        0.29178391503782236
      ],
      "bounds": {
        "x_left": -0.749999775323892,
        "x_right": 0.0372023809368619,
        "y_top": 0.9999996144601399,
        "y_bottom": -0.6785714002176082,
        "confidence": 0.43866268649503
      },
      "confidence": 0.996301805890692,
      "plane": {
        "origin": [
          7.5782544852231695,
          4.056542811308681,
          -5.110236724185565
        ],
        "axes": [
          [
            -1.0,
            0,
            0
          ],
          [
            0,
            0,
            1.0
          ]
        ]
      },
      "_type": "LEFT"
    },
    "RIGHT": {
      "area_fraction": 0.3451760912698413,
      "line_a": {
        "slope": -0.19362017571426762,
        "intercept": -0.4047399914717734
      },
      "line_b": {
        "slope": 0.19362017571426762,
        "intercept": 0.9883078215474183
      },
      "vanishing_point": [
        -3.5973725565536188,
        0.2917839150378224
      ],
      "bounds": {
        "x_left": 0.035714285802281864,
        "x_right": 0.7485119042979986,
        "y_top": 0.9999997923587508,
        "y_bottom": -0.4821429402659776,
        "confidence": 0.7022607134276354
      },
      "confidence": 0.9880078332172194,
      "plane": {
        "origin": [
          7.5782544852231695,
          4.056542811308681,
          -5.110236724185565
        ],
        "axes": [
          [
            0,
            -1.0,
            0
          ],
          [
            0,
            0,
            1.0
          ]
        ]
      },
      "_type": "RIGHT"
    },
    "CEIL": null,
    "FLOOR": {
      "area_fraction": 0.21084080333522298,
      "line_a": {
        "slope": 0.5973000620672095,
        "intercept": -0.4359187383692934
      },
      "line_b": {
        "slope": -0.19248850526687322,
        "intercept": -0.39449133284606663
      },
      "vanishing_point": [
        0.05245379236504301,
        -0.40458808493399273
      ],
      "bounds": {
        "x_left": -0.7499998886365985,
        "x_right": 0.7485119068272865,
        "y_top": -0.4910712069122485,
        "y_bottom": -0.9985119047458739,
        "confidence": 0.14721507028757835
      },
      "confidence": 0.9841060752799049,
      "plane": {
        "origin": [
          7.5782544852231695,
          4.056542811308681,
          -5.110236724185565
        ],
        "axes": [
          [
            -1.0,
            0,
            0
          ],
          [
            0,
            -1.0,
            0
          ]
        ]
      },
      "_type": "FLOOR"
    },
    "FRONT": null
  },
  "principal_point": [
    0,
    0
  ],
  "image_data": {
    "width": 1008,
    "height": 1344
  },
  "image_aspect": 0.75,
  "vanishing_point_mode": "0vp",
  "vanishing_point_walls": [
    "LEFT",
    "RIGHT"
  ],
  "vanishing_points": [
    [
      1.23770630772567,
      0.29178391503782236
    ],
    [
      -3.5973725565536188,
      0.2917839150378224
    ]
  ],
  "relative_focal_length": 2.0898212486743533,
  "horizontal_fov": 0.8926162814767885,
  "vertical_fov": 1.1358047410352592,
  "room_type": [
    "FLOOR",
    "RIGHT",
    "LEFT"
  ],
  "camera_matrix": [
    [
      0.5059493252141382,
      0.11927536767021679,
      -0.8542766922856394,
      -8.542766922856394
    ],
    [
      -0.8625632036641481,
      0.06996274769322461,
      -0.5010887482471102,
      -5.0108874824711025
    ],
    [
      -1.0741039285530894e-16,
      0.9903931545615352,
      0.13828014824135534,
      1.3828014824135535
    ],
    [
      0.0,
      0.0,
      0.0,
      1.0
    ]
  ],
  "view_transform": [
    [
      0.5059493252141379,
      -0.862563203664148,
      -1.1262306836418897e-16,
      -1.818479985617752e-17
    ],
    [
      0.11927536767021679,
      0.06996274769322462,
      0.9903931545615351,
      -2.2419844473110725e-16
    ],
    [
      -0.8542766922856393,
      -0.5010887482471102,
      0.13828014824135532,
      -10.0
    ],
    [
      0.0,
      0.0,
      0.0,
      1.0
    ]
  ],
  "translation_vector": [
    -8.542766922856394,
    -5.0108874824711025,
    1.3828014824135535
  ],
  "projection_matrix": [
    [
      2.0898212486743533,
      0.0,
      0.0,
      0.0
    ],
    [
      0.0,
      2.0898212486743533,
      0.0,
      0.0
    ],
    [
      0.0,
      0.0,
      -1.002002002002002,
      -0.02002002002002002
    ],
    [
      0.0,
      0.0,
      -1.0,
      0.0
    ]
  ]
}